{
    "Linear_Regression": {
        "train_mse": 6.189136077910109e-25,
        "test_mse": 8.783332868768394e-25,
        "train_mae": 6.214341022790115e-13,
        "test_mae": 7.125442645932272e-13,
        "train_r2": 1.0,
        "test_r2": 1.0,
        "train_mape": 3.799920508995689e-14,
        "test_mape": 4.32987520259721e-14,
        "train_rmse": 7.867106251926504e-13,
        "test_rmse": 9.371943698490935e-13
    },
    "Ridge_Regression": {
        "train_mse": 1.4734860693774738,
        "test_mse": 1.6028906238044265,
        "train_mae": 0.9928232039790805,
        "test_mae": 1.035850625568399,
        "train_r2": 0.9999851176200657,
        "test_r2": 0.9999835149792371,
        "train_mape": 0.060727605184211116,
        "test_mape": 0.060287846160891945,
        "train_rmse": 1.213872344761785,
        "test_rmse": 1.2660531678426568
    },
    "Random_Forest": {
        "train_mse": 3256.2295146508027,
        "test_mse": 18442.83563559236,
        "train_mae": 44.89017491103186,
        "test_mae": 110.89430492957754,
        "train_r2": 0.967111704821919,
        "test_r2": 0.8103235967168652,
        "train_mape": 2.7522310187474432,
        "test_mape": 6.662318982680235,
        "train_rmse": 57.06338155639572,
        "test_rmse": 135.8044021215526
    },
    "Gradient_Boosting": {
        "train_mse": 1164.5370268530385,
        "test_mse": 13959.603973548212,
        "train_mae": 27.799176110000484,
        "test_mae": 91.98702650589559,
        "train_r2": 0.9882380411722744,
        "test_r2": 0.8564316504643328,
        "train_mape": 1.698474263992513,
        "test_mape": 5.695092968756676,
        "train_rmse": 34.125313578823544,
        "test_rmse": 118.15076797697175
    },
    "Support_Vector_Regression": {
        "train_mse": 19536.25422612945,
        "test_mse": 23824.39308069515,
        "train_mae": 107.22407708299308,
        "test_mae": 121.12978670154939,
        "train_r2": 0.8026815699654752,
        "test_r2": 0.7549766598131524,
        "train_mape": 6.384008995366138,
        "test_mape": 7.321993602402991,
        "train_rmse": 139.77215111076114,
        "test_rmse": 154.3515243873385
    },
    "XGBoost": {
        "train_mse": 1505.5090262710219,
        "test_mse": 14530.576914682644,
        "train_mae": 29.97691363677435,
        "test_mae": 94.17132427376761,
        "train_r2": 0.9847941844926811,
        "test_r2": 0.8505594464287795,
        "train_mape": 1.8469872201404325,
        "test_mape": 5.729301844522791,
        "train_rmse": 38.80088950360574,
        "test_rmse": 120.54284265223981
    }
}